{
  "devices": [
    { "id": 1, "imei" : 75937549373, "name": "Komatsu-00001", "deviceType": "VHMS", "simNumber": "086545678", "simInfo": "autotronics.co.id", "notes": "test",  "status": 0, "ipAddress": "192.168.10.20", "port": "8888" },
    { "id": 2, "imei" : 47596772859, "name": "Komatsu-00002", "deviceType": "VHMS", "simNumber": "086545678", "simInfo": "autotronics.co.id", "notes": "test",  "status": 1, "ipAddress": "192.168.10.21", "port": "8888" },
    { "id": 3, "imei" : 8794768693, "name": "Komatsu-00003", "deviceType": "VHMS", "simNumber": "086545678", "simInfo": "autotronics.co.id", "notes": "test",  "status": 1, "ipAddress": "192.168.10.22", "port": "8888" },
    { "id": 4, "imei" : 4354844947, "name": "Komatsu-00004", "deviceType": "VHMS", "simNumber": "086545678", "simInfo": "autotronics.co.id", "notes": "test",  "status": 0, "ipAddress": "192.168.10.23", "port": "8888" },
    { "id": 5, "imei" : 1295739303, "name": "Komatsu-00005", "deviceType": "VHMS", "simNumber": "086545678", "simInfo": "autotronics.co.id", "notes": "test",  "status": 1, "ipAddress": "192.168.10.24", "port": "8888" },
    { "id": 6, "imei" : 7134869484, "name": "Komatsu-00006", "deviceType": "VHMS", "simNumber": "086545678", "simInfo": "autotronics.co.id", "notes": "test",  "status": 0, "ipAddress": "192.168.10.25", "port": "8888" }
  ]
}