{
  "gateways": [
    { "id" : 1, "gatewayName": "ZheldaUno", "maxDevice": 20, "description": "LoremIpsum" },
    { "id" : 2, "gatewayName": "VioMachine", "maxDevice": 20, "description": "LoremIpsum" },
    { "id" : 3, "gatewayName": "Vexana", "maxDevice": 20, "description": "LoremIpsum" },  
    { "id" : 4, "gatewayName": "Vexana2", "maxDevice": 20, "description": "LoremIpsum" },
    { "id" : 5, "gatewayName": "Vitor", "maxDevice": 20, "description": "LoremIpsum" }  ,
    { "id" : 6, "gatewayName": "Vitor", "maxDevice": 20, "description": "LoremIpsum" }  ,
    { "id" : 7, "gatewayName": "Vitor", "maxDevice": 20, "description": "LoremIpsum" }  ,
    { "id" : 8, "gatewayName": "Vitor", "maxDevice": 20, "description": "LoremIpsum" }  ,
    { "id" : 9, "gatewayName": "Vitor", "maxDevice": 20, "description": "LoremIpsum" }  ,
    { "id" : 10, "gatewayName": "Vitor", "maxDevice": 20, "description": "LoremIpsum" }  ,
    { "id" : 11, "gatewayName": "Vitor", "maxDevice": 20, "description": "LoremIpsum" }  ,
    { "id" : 12, "gatewayName": "Vitor", "maxDevice": 20, "description": "LoremIpsum" }  ,
    { "id" : 13, "gatewayName": "Vitor", "maxDevice": 20, "description": "LoremIpsum" }  ,
    { "id" : 14, "gatewayName": "Vitor", "maxDevice": 20, "description": "LoremIpsum" }  ,
    { "id" : 15, "gatewayName": "Vitor", "maxDevice": 20, "description": "LoremIpsum" }  ,
    { "id" : 16, "gatewayName": "Vitor", "maxDevice": 20, "description": "LoremIpsum" }  ,
    { "id" : 17, "gatewayName": "Vitor", "maxDevice": 20, "description": "LoremIpsum" }  ,
    { "id" : 18, "gatewayName": "Vitor", "maxDevice": 20, "description": "LoremIpsum" }  ,
    { "id" : 19, "gatewayName": "Vitor", "maxDevice": 20, "description": "LoremIpsum" }  ,
    { "id" : 20, "gatewayName": "Vitor", "maxDevice": 20, "description": "LoremIpsum" }  ,
    { "id" : 21, "gatewayName": "Vitor", "maxDevice": 20, "description": "LoremIpsum" }  ,
    { "id" : 22, "gatewayName": "Vitor", "maxDevice": 20, "description": "LoremIpsum" }  ,
    { "id" : 23, "gatewayName": "Vitor", "maxDevice": 20, "description": "LoremIpsum" }  ,
    { "id" : 24, "gatewayName": "Vitor", "maxDevice": 20, "description": "LoremIpsum" }  ,
    { "id" : 25, "gatewayName": "Vitor", "maxDevice": 20, "description": "LoremIpsum" }  ,
    { "id" : 26, "gatewayName": "Vitor", "maxDevice": 20, "description": "LoremIpsum" }  ,
    { "id" : 27, "gatewayName": "Vitor", "maxDevice": 20, "description": "LoremIpsum" }  ,
    { "id" : 28, "gatewayName": "Vitor", "maxDevice": 20, "description": "LoremIpsum" }  ,
    { "id" : 29, "gatewayName": "Vitor", "maxDevice": 20, "description": "LoremIpsum" }  ,
    { "id" : 30, "gatewayName": "Vitor", "maxDevice": 20, "description": "LoremIpsum" }  ,
    { "id" : 31, "gatewayName": "Vitor", "maxDevice": 20, "description": "LoremIpsum" }  ,
    { "id" : 5, "gatewayName": "Vitor", "maxDevice": 20, "description": "LoremIpsum" }  ,
    { "id" : 5, "gatewayName": "Vitor", "maxDevice": 20, "description": "LoremIpsum" }  ,
    { "id" : 5, "gatewayName": "Vitor", "maxDevice": 20, "description": "LoremIpsum" }  ,
    { "id" : 5, "gatewayName": "Vitor", "maxDevice": 20, "description": "LoremIpsum" }  ,
    { "id" : 5, "gatewayName": "Vitor", "maxDevice": 20, "description": "LoremIpsum" }  ,
    { "id" : 5, "gatewayName": "Vitor", "maxDevice": 20, "description": "LoremIpsum" }  ,
    { "id" : 5, "gatewayName": "Vitor", "maxDevice": 20, "description": "LoremIpsum" }  ,
    { "id" : 5, "gatewayName": "Vitor", "maxDevice": 20, "description": "LoremIpsum" }  ,
    { "id" : 5, "gatewayName": "Vitor", "maxDevice": 20, "description": "LoremIpsum" }  ,
    { "id" : 5, "gatewayName": "Vitor", "maxDevice": 20, "description": "LoremIpsum" }  ,
    { "id" : 5, "gatewayName": "Vitor", "maxDevice": 20, "description": "LoremIpsum" }  ,
    { "id" : 5, "gatewayName": "Vitor", "maxDevice": 20, "description": "LoremIpsum" }  ,
    { "id" : 5, "gatewayName": "Vitor", "maxDevice": 20, "description": "LoremIpsum" }  ,
    { "id" : 5, "gatewayName": "Vitor", "maxDevice": 20, "description": "LoremIpsum" }  ,
    { "id" : 5, "gatewayName": "Vitor", "maxDevice": 20, "description": "LoremIpsum" }  ,
    { "id" : 5, "gatewayName": "Vitor", "maxDevice": 20, "description": "LoremIpsum" }  ,
    { "id" : 5, "gatewayName": "Vitor", "maxDevice": 20, "description": "LoremIpsum" }  ,
    { "id" : 5, "gatewayName": "Vitor", "maxDevice": 20, "description": "LoremIpsum" }  ,
    { "id" : 5, "gatewayName": "Vitor", "maxDevice": 20, "description": "LoremIpsum" }  ,
    { "id" : 5, "gatewayName": "Vitor", "maxDevice": 20, "description": "LoremIpsum" }  ,
    { "id" : 5, "gatewayName": "Vitor", "maxDevice": 20, "description": "LoremIpsum" }  ,
    { "id" : 5, "gatewayName": "Vitor", "maxDevice": 20, "description": "LoremIpsum" }  ,
    { "id" : 5, "gatewayName": "Vitor", "maxDevice": 20, "description": "LoremIpsum" }  ,
    { "id" : 5, "gatewayName": "Vitor", "maxDevice": 20, "description": "LoremIpsum" }  ,
    { "id" : 5, "gatewayName": "Vitor", "maxDevice": 20, "description": "LoremIpsum" }  ,
    { "id" : 5, "gatewayName": "Vitor", "maxDevice": 20, "description": "LoremIpsum" }  ,
    { "id" : 5, "gatewayName": "Vitor", "maxDevice": 20, "description": "LoremIpsum" }  ,
    { "id" : 5, "gatewayName": "Vitor", "maxDevice": 20, "description": "LoremIpsum" }  ,
    { "id" : 5, "gatewayName": "Vitor", "maxDevice": 20, "description": "LoremIpsum" }  ,
    { "id" : 5, "gatewayName": "Vitor", "maxDevice": 20, "description": "LoremIpsum" }  ,
    { "id" : 5, "gatewayName": "Vitor", "maxDevice": 20, "description": "LoremIpsum" }  ,
    { "id" : 5, "gatewayName": "Vitor", "maxDevice": 20, "description": "LoremIpsum" }  ,
    { "id" : 5, "gatewayName": "Vitor", "maxDevice": 20, "description": "LoremIpsum" }  ,
    { "id" : 5, "gatewayName": "Vitor", "maxDevice": 20, "description": "LoremIpsum" }  ,
    { "id" : 5, "gatewayName": "Vitor", "maxDevice": 20, "description": "LoremIpsum" }  ,
    { "id" : 5, "gatewayName": "Vitor", "maxDevice": 20, "description": "LoremIpsum" }  ,
    { "id" : 5, "gatewayName": "Vitor", "maxDevice": 20, "description": "LoremIpsum" }  ,
    { "id" : 5, "gatewayName": "Vitor", "maxDevice": 20, "description": "LoremIpsum" }  ,
    { "id" : 5, "gatewayName": "Vitor", "maxDevice": 20, "description": "LoremIpsum" }  ,
    { "id" : 5, "gatewayName": "Vitor", "maxDevice": 20, "description": "LoremIpsum" }  ,
    { "id" : 5, "gatewayName": "Vitor", "maxDevice": 20, "description": "LoremIpsum" }  ,
    { "id" : 5, "gatewayName": "Vitor", "maxDevice": 20, "description": "LoremIpsum" }  ,
    { "id" : 5, "gatewayName": "Vitor", "maxDevice": 20, "description": "LoremIpsum" }  ,
    { "id" : 5, "gatewayName": "Vitor", "maxDevice": 20, "description": "LoremIpsum" }  ,
    { "id" : 5, "gatewayName": "Vitor", "maxDevice": 20, "description": "LoremIpsum" }  ,
    { "id" : 5, "gatewayName": "Vitor", "maxDevice": 20, "description": "LoremIpsum" }  ,
    { "id" : 5, "gatewayName": "Vitor", "maxDevice": 20, "description": "LoremIpsum" }  ,
    { "id" : 5, "gatewayName": "Vitor", "maxDevice": 20, "description": "LoremIpsum" }  ,
    { "id" : 5, "gatewayName": "Vitor", "maxDevice": 20, "description": "LoremIpsum" }  ,
    { "id" : 5, "gatewayName": "Vitor", "maxDevice": 20, "description": "LoremIpsum" }  ,
    { "id" : 5, "gatewayName": "Vitor", "maxDevice": 20, "description": "LoremIpsum" }  ,
    { "id" : 5, "gatewayName": "Vitor", "maxDevice": 20, "description": "LoremIpsum" }  ,
    { "id" : 5, "gatewayName": "Vitor", "maxDevice": 20, "description": "LoremIpsum" }  ,
    { "id" : 5, "gatewayName": "Vitor", "maxDevice": 20, "description": "LoremIpsum" }  ,
    { "id" : 5, "gatewayName": "Vitor", "maxDevice": 20, "description": "LoremIpsum" }  ,
    { "id" : 5, "gatewayName": "Vitor", "maxDevice": 20, "description": "LoremIpsum" }  ,
    { "id" : 5, "gatewayName": "Vitor", "maxDevice": 20, "description": "LoremIpsum" }  ,
    { "id" : 5, "gatewayName": "Vitor", "maxDevice": 20, "description": "LoremIpsum" }  ,
    { "id" : 5, "gatewayName": "Vitor", "maxDevice": 20, "description": "LoremIpsum" }  ,
    { "id" : 5, "gatewayName": "Vitor", "maxDevice": 20, "description": "LoremIpsum" }  ,
    { "id" : 5, "gatewayName": "Vitor", "maxDevice": 20, "description": "LoremIpsum" }  ,
    { "id" : 5, "gatewayName": "Vitor", "maxDevice": 20, "description": "LoremIpsum" }  ,
    { "id" : 5, "gatewayName": "Vitor", "maxDevice": 20, "description": "LoremIpsum" }  ,
    { "id" : 5, "gatewayName": "Vitor", "maxDevice": 20, "description": "LoremIpsum" }  ,
    { "id" : 5, "gatewayName": "Vitor", "maxDevice": 20, "description": "LoremIpsum" }  ,
    { "id" : 5, "gatewayName": "Vitor", "maxDevice": 20, "description": "LoremIpsum" }  ,
    { "id" : 5, "gatewayName": "Vitor", "maxDevice": 20, "description": "LoremIpsum" }  ,
    { "id" : 5, "gatewayName": "Vitor", "maxDevice": 20, "description": "LoremIpsum" }  ,
    { "id" : 5, "gatewayName": "Vitor", "maxDevice": 20, "description": "LoremIpsum" }  ,
    { "id" : 5, "gatewayName": "Vitor", "maxDevice": 20, "description": "LoremIpsum" }  ,
    { "id" : 5, "gatewayName": "Vitor", "maxDevice": 20, "description": "LoremIpsum" }  ,
    { "id" : 5, "gatewayName": "Vitor", "maxDevice": 20, "description": "LoremIpsum" }  ,
    { "id" : 5, "gatewayName": "Vitor", "maxDevice": 20, "description": "LoremIpsum" }  ,
    { "id" : 5, "gatewayName": "Vitor", "maxDevice": 20, "description": "LoremIpsum" }  ,
    { "id" : 5, "gatewayName": "Vitor", "maxDevice": 20, "description": "LoremIpsum" }  ,
    { "id" : 5, "gatewayName": "Vitor", "maxDevice": 20, "description": "LoremIpsum" }  ,
    { "id" : 5, "gatewayName": "Vitor", "maxDevice": 20, "description": "LoremIpsum" }  ,
    { "id" : 5, "gatewayName": "Vitor", "maxDevice": 20, "description": "LoremIpsum" }  ,
    { "id" : 5, "gatewayName": "Vitor", "maxDevice": 20, "description": "LoremIpsum" }  ,
    { "id" : 5, "gatewayName": "Vitor", "maxDevice": 20, "description": "LoremIpsum" }  ,
    { "id" : 5, "gatewayName": "Vitor", "maxDevice": 20, "description": "LoremIpsum" }  ,
    { "id" : 5, "gatewayName": "Vitor", "maxDevice": 20, "description": "LoremIpsum" }  ,
    { "id" : 5, "gatewayName": "Vitor", "maxDevice": 20, "description": "LoremIpsum" }  ,
    { "id" : 5, "gatewayName": "Vitor", "maxDevice": 20, "description": "LoremIpsum" }  ,
    { "id" : 5, "gatewayName": "Vitor", "maxDevice": 20, "description": "LoremIpsum" }  ,
    { "id" : 5, "gatewayName": "Vitor", "maxDevice": 20, "description": "LoremIpsum" }  ,
    { "id" : 5, "gatewayName": "Vitor", "maxDevice": 20, "description": "LoremIpsum" }  ,
    { "id" : 5, "gatewayName": "Vitor", "maxDevice": 20, "description": "LoremIpsum" }  ,
    { "id" : 5, "gatewayName": "Vitor", "maxDevice": 20, "description": "LoremIpsum" }  ,
    { "id" : 5, "gatewayName": "Vitor", "maxDevice": 20, "description": "LoremIpsum" }  ,
    { "id" : 5, "gatewayName": "Vitor", "maxDevice": 20, "description": "LoremIpsum" }  ,
    { "id" : 5, "gatewayName": "Vitor", "maxDevice": 20, "description": "LoremIpsum" }  ,
    { "id" : 5, "gatewayName": "Vitor", "maxDevice": 20, "description": "LoremIpsum" }  ,
    { "id" : 5, "gatewayName": "Vitor", "maxDevice": 20, "description": "LoremIpsum" }  ,
    { "id" : 5, "gatewayName": "Vitor", "maxDevice": 20, "description": "LoremIpsum" }  ,
    { "id" : 5, "gatewayName": "Vitor", "maxDevice": 20, "description": "LoremIpsum" }  ,
    { "id" : 5, "gatewayName": "Vitor", "maxDevice": 20, "description": "LoremIpsum" }  ,
    { "id" : 5, "gatewayName": "Vitor", "maxDevice": 20, "description": "LoremIpsum" }  ,
    { "id" : 5, "gatewayName": "Vitor", "maxDevice": 20, "description": "LoremIpsum" }  ,
    { "id" : 5, "gatewayName": "Vitor", "maxDevice": 20, "description": "LoremIpsum" }  ,
    { "id" : 5, "gatewayName": "Vitor", "maxDevice": 20, "description": "LoremIpsum" }  ,
    { "id" : 5, "gatewayName": "Vitor", "maxDevice": 20, "description": "LoremIpsum" }  ,
    { "id" : 5, "gatewayName": "Vitor", "maxDevice": 20, "description": "LoremIpsum" }  ,
    { "id" : 5, "gatewayName": "Vitor", "maxDevice": 20, "description": "LoremIpsum" }  
  ],
  "user": [
    { "id" : 1, "firstName": "Jack", "lastName": "Tyler", "email": "jackrapper@mail.com", "phone": "66660666", "password": "gotohell"},
    { "id" : 1, "firstName": "Frank", "lastName": "Odinson", "email": "odinson@mail.com", "phone": "66660666", "password": "valhalla"},
    { "id" : 1, "firstName": "Ivar", "lastName": "Ragnarson", "email": "ivarboneless@mail.com", "phone": "66660666", "password": "crimplesking"}
  ]
}